-- contracts_catalog.sql
-- Exported: 2026-04-19T08:14:37.582Z

SET FOREIGN_KEY_CHECKS=0;

-- Table: sectors
TRUNCATE TABLE `sectors`;
INSERT INTO `sectors` (`id`, `sectorKey`, `nameAr`, `nameEn`, `description`, `isActive`, `createdAt`, `updatedAt`) VALUES (1, 'sector_1', 'قطاع/1', 'SECTOR1', '', 1, '2026-03-29 07:30:02', '2026-03-30 00:16:14');
INSERT INTO `sectors` (`id`, `sectorKey`, `nameAr`, `nameEn`, `description`, `isActive`, `createdAt`, `updatedAt`) VALUES (2, 'sector_2', 'قطاع/2', 'SECTOR2', '', 1, '2026-03-29 07:30:02', '2026-03-30 00:16:08');
INSERT INTO `sectors` (`id`, `sectorKey`, `nameAr`, `nameEn`, `description`, `isActive`, `createdAt`, `updatedAt`) VALUES (3, 'sector_3', 'قطاع/3', 'SECTOR3', '', 1, '2026-03-29 07:30:02', '2026-03-30 00:16:20');
INSERT INTO `sectors` (`id`, `sectorKey`, `nameAr`, `nameEn`, `description`, `isActive`, `createdAt`, `updatedAt`) VALUES (4, 'sector_4', 'قطاع/4', 'SECTOR4', '', 1, '2026-03-29 07:30:02', '2026-03-30 00:16:28');
INSERT INTO `sectors` (`id`, `sectorKey`, `nameAr`, `nameEn`, `description`, `isActive`, `createdAt`, `updatedAt`) VALUES (5, 'sector_5', 'قطاع/5', 'SECTOR5', '', 1, '2026-03-29 07:30:02', '2026-03-30 00:16:33');

-- Table: contractors
TRUNCATE TABLE `contractors`;
INSERT INTO `contractors` (`id`, `nameEn`, `nameAr`, `contactPerson`, `phone`, `email`, `address`, `contractorCode`, `isActive`, `createdAt`, `updatedAt`) VALUES (50001, 'United Construction Co.', 'شركة الإنشاءات المتحدة', 'أحمد محمد', '0501234567', 'info@united-const.ae', 'أبوظبي - منطقة المصفح', 'CON-T001', 1, '2026-03-29 08:09:37', '2026-03-29 08:09:37');
INSERT INTO `contractors` (`id`, `nameEn`, `nameAr`, `contactPerson`, `phone`, `email`, `address`, `contractorCode`, `isActive`, `createdAt`, `updatedAt`) VALUES (60001, 'Nael bin Harmal co', 'شركة نايل بن حرمل للمقاولات', 'Mohammed', '0502345001', 'mohammed@nael-harmal.ae', 'أبوظبي - مدينة محمد بن زايد', 'CONT-83459', 1, '2026-03-29 06:18:05', '2026-03-29 06:18:05');
INSERT INTO `contractors` (`id`, `nameEn`, `nameAr`, `contactPerson`, `phone`, `email`, `address`, `contractorCode`, `isActive`, `createdAt`, `updatedAt`) VALUES (120001, 'Al-Rashid Roads Co.', 'شركة الراشد للطرق', 'محمد الراشد', '0503100001', 'contact@alrashid-roads.ae', 'أبوظبي - منطقة الصناعات', 'CON-R001', 1, '2026-03-29 23:54:08', '2026-03-29 23:54:08');
INSERT INTO `contractors` (`id`, `nameEn`, `nameAr`, `contactPerson`, `phone`, `email`, `address`, `contractorCode`, `isActive`, `createdAt`, `updatedAt`) VALUES (120002, 'Gulf Bridges LLC', 'شركة الخليج للجسور', 'أحمد الخليجي', '0503100002', 'projects@gulf-bridges.ae', 'الشارقة - المنطقة الصناعية 4', 'CON-R002', 1, '2026-03-29 23:54:08', '2026-03-29 23:54:08');
INSERT INTO `contractors` (`id`, `nameEn`, `nameAr`, `contactPerson`, `phone`, `email`, `address`, `contractorCode`, `isActive`, `createdAt`, `updatedAt`) VALUES (120003, 'National Buildings Corp.', 'شركة المباني الوطنية', 'سالم العتيبي', '0503200003', 'info@national-buildings.ae', 'أبوظبي - شارع السلام', 'CON-B001', 1, '2026-03-29 23:54:08', '2026-03-29 23:54:08');
INSERT INTO `contractors` (`id`, `nameEn`, `nameAr`, `contactPerson`, `phone`, `email`, `address`, `contractorCode`, `isActive`, `createdAt`, `updatedAt`) VALUES (120004, 'Modern Construction Est.', 'مؤسسة الإنشاءات الحديثة', 'خالد المودرن', '0503200004', 'admin@modern-construction.ae', 'العين - المنطقة المركزية', 'CON-B002', 1, '2026-03-29 23:54:08', '2026-03-29 23:54:08');
INSERT INTO `contractors` (`id`, `nameEn`, `nameAr`, `contactPerson`, `phone`, `email`, `address`, `contractorCode`, `isActive`, `createdAt`, `updatedAt`) VALUES (120005, 'Infrastructure Masters Co.', 'شركة أساتذة البنية التحتية', 'فهد الأساس', '0503300005', 'office@infra-masters.ae', 'أبوظبي - مصفح الصناعية', 'CON-I001', 1, '2026-03-29 23:54:08', '2026-03-29 23:54:08');
INSERT INTO `contractors` (`id`, `nameEn`, `nameAr`, `contactPerson`, `phone`, `email`, `address`, `contractorCode`, `isActive`, `createdAt`, `updatedAt`) VALUES (120006, 'Al-Tameer Infrastructure', 'شركة التعمير للبنية التحتية', 'عبدالله التعمير', '0503300006', 'contracts@altameer-infra.ae', 'دبي - القوز الصناعية', 'CON-I002', 1, '2026-03-29 23:54:08', '2026-03-29 23:54:08');
INSERT INTO `contractors` (`id`, `nameEn`, `nameAr`, `contactPerson`, `phone`, `email`, `address`, `contractorCode`, `isActive`, `createdAt`, `updatedAt`) VALUES (120007, 'Industrial Build Group', 'مجموعة البناء الصناعي', 'ناصر الصناعي', '0503400007', 'tenders@industrial-build.ae', 'دبي - جبل علي الصناعية', 'CON-IN001', 1, '2026-03-29 23:54:08', '2026-03-29 23:54:08');
INSERT INTO `contractors` (`id`, `nameEn`, `nameAr`, `contactPerson`, `phone`, `email`, `address`, `contractorCode`, `isActive`, `createdAt`, `updatedAt`) VALUES (120008, 'Heavy Works Co.', 'شركة الأعمال الثقيلة', 'سعد الثقيل', '0503400008', 'support@heavyworks.ae', 'الشارقة - المنطقة الحرة بالحمرية', 'CON-IN002', 1, '2026-03-29 23:54:08', '2026-03-29 23:54:08');
INSERT INTO `contractors` (`id`, `nameEn`, `nameAr`, `contactPerson`, `phone`, `email`, `address`, `contractorCode`, `isActive`, `createdAt`, `updatedAt`) VALUES (120009, 'Al-Iskan Development Co.', 'شركة الإسكان للتطوير', 'يوسف الإسكان', '0503500009', 'sales@aliskan-dev.ae', 'أبوظبي - مدينة خليفة أ', 'CON-H001', 1, '2026-03-29 23:54:08', '2026-03-29 23:54:08');
INSERT INTO `contractors` (`id`, `nameEn`, `nameAr`, `contactPerson`, `phone`, `email`, `address`, `contractorCode`, `isActive`, `createdAt`, `updatedAt`) VALUES (120010, 'Future Housing Est.', 'مؤسسة الإسكان المستقبلي', 'إبراهيم المستقبل', '0503500010', 'info@future-housing.ae', 'العين - الهيلي', 'CON-H002', 1, '2026-03-29 23:54:08', '2026-03-29 23:54:08');

-- Table: contracts
TRUNCATE TABLE `contracts`;
INSERT INTO `contracts` (`id`, `contractNumber`, `contractName`, `contractorId`, `sectorKey`, `sectorNameAr`, `sectorNameEn`, `startDate`, `endDate`, `notes`, `isActive`, `createdAt`, `updatedAt`) VALUES (30001, 'DOI-22222-C001', 'إنشاء سكن', 60001, 'sector_1', 'قطاع الطرق والجسور', 'Roads & Bridges Sector', '2026-03-01 05:00:00', '2028-01-10 05:00:00', NULL, 1, '2026-03-29 06:18:56', '2026-03-29 06:18:56');
INSERT INTO `contracts` (`id`, `contractNumber`, `contractName`, `contractorId`, `sectorKey`, `sectorNameAr`, `sectorNameEn`, `startDate`, `endDate`, `notes`, `isActive`, `createdAt`, `updatedAt`) VALUES (40001, 'DOI-2025-T001', 'مشروع تطوير البنية التحتية - الدفعة الأولى', 50001, 'sector_1', 'القطاع الأول', 'Sector 1', '2025-01-01 05:00:00', '2026-12-31 05:00:00', 'عقد تجريبي لاختبار سير العمل', 1, '2026-03-29 08:09:37', '2026-03-29 08:09:37');
INSERT INTO `contracts` (`id`, `contractNumber`, `contractName`, `contractorId`, `sectorKey`, `sectorNameAr`, `sectorNameEn`, `startDate`, `endDate`, `notes`, `isActive`, `createdAt`, `updatedAt`) VALUES (90001, 'RB-2025-001', 'مشروع تطوير الطريق الدائري الشمالي', 120001, 'sector_1', 'قطاع الطرق والجسور', 'Roads & Bridges Sector', '2025-01-15 05:00:00', '2026-06-30 04:00:00', 'مشروع تطوير وتوسعة الطريق الدائري', 1, '2026-03-29 23:54:52', '2026-03-29 23:54:52');
INSERT INTO `contracts` (`id`, `contractNumber`, `contractName`, `contractorId`, `sectorKey`, `sectorNameAr`, `sectorNameEn`, `startDate`, `endDate`, `notes`, `isActive`, `createdAt`, `updatedAt`) VALUES (90002, 'RB-2025-002', 'إنشاء جسر وادي الرمح', 120002, 'sector_1', 'قطاع الطرق والجسور', 'Roads & Bridges Sector', '2025-03-01 05:00:00', '2026-12-31 05:00:00', 'جسر خرساني بطول 450 متر', 1, '2026-03-29 23:54:52', '2026-03-29 23:54:52');
INSERT INTO `contracts` (`id`, `contractNumber`, `contractName`, `contractorId`, `sectorKey`, `sectorNameAr`, `sectorNameEn`, `startDate`, `endDate`, `notes`, `isActive`, `createdAt`, `updatedAt`) VALUES (90003, 'RB-2025-003', 'صيانة وتأهيل الطريق الساحلي', 120001, 'sector_1', 'قطاع الطرق والجسور', 'Roads & Bridges Sector', '2025-04-01 04:00:00', '2025-12-31 05:00:00', 'أعمال الصيانة الدورية', 1, '2026-03-29 23:54:52', '2026-03-29 23:54:52');
INSERT INTO `contracts` (`id`, `contractNumber`, `contractName`, `contractorId`, `sectorKey`, `sectorNameAr`, `sectorNameEn`, `startDate`, `endDate`, `notes`, `isActive`, `createdAt`, `updatedAt`) VALUES (90004, 'RB-2025-004', 'إنشاء تقاطع مروري مع جسر علوي', 120002, 'sector_1', 'قطاع الطرق والجسور', 'Roads & Bridges Sector', '2025-06-01 04:00:00', '2027-01-31 05:00:00', 'تقاطع رئيسي مع 4 حارات', 1, '2026-03-29 23:54:52', '2026-03-29 23:54:52');
INSERT INTO `contracts` (`id`, `contractNumber`, `contractName`, `contractorId`, `sectorKey`, `sectorNameAr`, `sectorNameEn`, `startDate`, `endDate`, `notes`, `isActive`, `createdAt`, `updatedAt`) VALUES (90005, 'RB-2025-005', 'رصف وتطوير الطرق الداخلية', 120001, 'sector_1', 'قطاع الطرق والجسور', 'Roads & Bridges Sector', '2025-07-15 04:00:00', '2026-03-31 04:00:00', 'رصف 12 كم من الطرق الداخلية', 1, '2026-03-29 23:54:52', '2026-03-29 23:54:52');
INSERT INTO `contracts` (`id`, `contractNumber`, `contractName`, `contractorId`, `sectorKey`, `sectorNameAr`, `sectorNameEn`, `startDate`, `endDate`, `notes`, `isActive`, `createdAt`, `updatedAt`) VALUES (90006, 'GB-2025-001', 'إنشاء مبنى البلدية الجديد', 120003, 'sector_2', 'قطاع المباني الحكومية', 'Government Buildings Sector', '2025-02-01 05:00:00', '2027-02-28 05:00:00', 'مبنى إداري من 5 طوابق', 1, '2026-03-29 23:54:52', '2026-03-29 23:54:52');
INSERT INTO `contracts` (`id`, `contractNumber`, `contractName`, `contractorId`, `sectorKey`, `sectorNameAr`, `sectorNameEn`, `startDate`, `endDate`, `notes`, `isActive`, `createdAt`, `updatedAt`) VALUES (90007, 'GB-2025-002', 'توسعة مجمع المحاكم', 120004, 'sector_2', 'قطاع المباني الحكومية', 'Government Buildings Sector', '2025-03-15 04:00:00', '2026-09-30 04:00:00', 'إضافة جناح جديد للمحاكم', 1, '2026-03-29 23:54:52', '2026-03-29 23:54:52');
INSERT INTO `contracts` (`id`, `contractNumber`, `contractName`, `contractorId`, `sectorKey`, `sectorNameAr`, `sectorNameEn`, `startDate`, `endDate`, `notes`, `isActive`, `createdAt`, `updatedAt`) VALUES (90008, 'GB-2025-003', 'إنشاء مركز صحي متكامل', 120003, 'sector_2', 'قطاع المباني الحكومية', 'Government Buildings Sector', '2025-05-01 04:00:00', '2026-11-30 05:00:00', 'مركز صحي بطاقة 500 مريض يومياً', 1, '2026-03-29 23:54:52', '2026-03-29 23:54:52');
INSERT INTO `contracts` (`id`, `contractNumber`, `contractName`, `contractorId`, `sectorKey`, `sectorNameAr`, `sectorNameEn`, `startDate`, `endDate`, `notes`, `isActive`, `createdAt`, `updatedAt`) VALUES (90009, 'GB-2025-004', 'تجديد وصيانة مبنى الأمانة', 120004, 'sector_2', 'قطاع المباني الحكومية', 'Government Buildings Sector', '2025-06-01 04:00:00', '2025-12-31 05:00:00', 'أعمال تجديد شاملة', 1, '2026-03-29 23:54:52', '2026-03-29 23:54:52');
INSERT INTO `contracts` (`id`, `contractNumber`, `contractName`, `contractorId`, `sectorKey`, `sectorNameAr`, `sectorNameEn`, `startDate`, `endDate`, `notes`, `isActive`, `createdAt`, `updatedAt`) VALUES (90010, 'GB-2025-005', 'إنشاء مدرسة ثانوية نموذجية', 120003, 'sector_2', 'قطاع المباني الحكومية', 'Government Buildings Sector', '2025-08-01 04:00:00', '2027-01-31 05:00:00', 'مدرسة بطاقة 1200 طالب', 1, '2026-03-29 23:54:52', '2026-03-29 23:54:52');
INSERT INTO `contracts` (`id`, `contractNumber`, `contractName`, `contractorId`, `sectorKey`, `sectorNameAr`, `sectorNameEn`, `startDate`, `endDate`, `notes`, `isActive`, `createdAt`, `updatedAt`) VALUES (90011, 'INF-2025-001', 'مشروع شبكة الصرف الصحي المرحلة الثانية', 120005, 'sector_3', 'قطاع البنية التحتية', 'Infrastructure Sector', '2025-01-20 05:00:00', '2026-07-31 04:00:00', 'شبكة صرف صحي بطول 35 كم', 1, '2026-03-29 23:54:53', '2026-03-29 23:54:53');
INSERT INTO `contracts` (`id`, `contractNumber`, `contractName`, `contractorId`, `sectorKey`, `sectorNameAr`, `sectorNameEn`, `startDate`, `endDate`, `notes`, `isActive`, `createdAt`, `updatedAt`) VALUES (90012, 'INF-2025-002', 'تطوير محطة ضخ المياه الرئيسية', 120006, 'sector_3', 'قطاع البنية التحتية', 'Infrastructure Sector', '2025-02-15 05:00:00', '2026-02-28 05:00:00', 'رفع طاقة المحطة إلى 50000 م3/يوم', 1, '2026-03-29 23:54:53', '2026-03-29 23:54:53');
INSERT INTO `contracts` (`id`, `contractNumber`, `contractName`, `contractorId`, `sectorKey`, `sectorNameAr`, `sectorNameEn`, `startDate`, `endDate`, `notes`, `isActive`, `createdAt`, `updatedAt`) VALUES (90013, 'INF-2025-003', 'مد خطوط المياه للمناطق الجديدة', 120005, 'sector_3', 'قطاع البنية التحتية', 'Infrastructure Sector', '2025-04-01 04:00:00', '2026-04-30 04:00:00', 'خطوط مياه بطول 28 كم', 1, '2026-03-29 23:54:53', '2026-03-29 23:54:53');
INSERT INTO `contracts` (`id`, `contractNumber`, `contractName`, `contractorId`, `sectorKey`, `sectorNameAr`, `sectorNameEn`, `startDate`, `endDate`, `notes`, `isActive`, `createdAt`, `updatedAt`) VALUES (90014, 'INF-2025-004', 'إنشاء محطة معالجة مياه الصرف', 120006, 'sector_3', 'قطاع البنية التحتية', 'Infrastructure Sector', '2025-05-15 04:00:00', '2027-05-31 04:00:00', 'محطة بطاقة 30000 م3/يوم', 1, '2026-03-29 23:54:53', '2026-03-29 23:54:53');
INSERT INTO `contracts` (`id`, `contractNumber`, `contractName`, `contractorId`, `sectorKey`, `sectorNameAr`, `sectorNameEn`, `startDate`, `endDate`, `notes`, `isActive`, `createdAt`, `updatedAt`) VALUES (90015, 'INF-2025-005', 'تأهيل شبكة الكهرباء المنطقة الشرقية', 120005, 'sector_3', 'قطاع البنية التحتية', 'Infrastructure Sector', '2025-07-01 04:00:00', '2026-06-30 04:00:00', 'تجديد شامل للشبكة الكهربائية', 1, '2026-03-29 23:54:53', '2026-03-29 23:54:53');
INSERT INTO `contracts` (`id`, `contractNumber`, `contractName`, `contractorId`, `sectorKey`, `sectorNameAr`, `sectorNameEn`, `startDate`, `endDate`, `notes`, `isActive`, `createdAt`, `updatedAt`) VALUES (90016, 'IND-2025-001', 'إنشاء مستودعات المنطقة الصناعية', 120007, 'sector_4', 'قطاع المشاريع الصناعية', 'Industrial Projects Sector', '2025-02-01 05:00:00', '2026-08-31 04:00:00', 'مستودعات بمساحة إجمالية 15000 م2', 1, '2026-03-29 23:54:53', '2026-03-29 23:54:53');
INSERT INTO `contracts` (`id`, `contractNumber`, `contractName`, `contractorId`, `sectorKey`, `sectorNameAr`, `sectorNameEn`, `startDate`, `endDate`, `notes`, `isActive`, `createdAt`, `updatedAt`) VALUES (90017, 'IND-2025-002', 'تطوير البنية التحتية للمنطقة الصناعية', 120008, 'sector_4', 'قطاع المشاريع الصناعية', 'Industrial Projects Sector', '2025-03-01 05:00:00', '2026-09-30 04:00:00', 'طرق وشبكات داخلية للمنطقة', 1, '2026-03-29 23:54:53', '2026-03-29 23:54:53');
INSERT INTO `contracts` (`id`, `contractNumber`, `contractName`, `contractorId`, `sectorKey`, `sectorNameAr`, `sectorNameEn`, `startDate`, `endDate`, `notes`, `isActive`, `createdAt`, `updatedAt`) VALUES (90018, 'IND-2025-003', 'إنشاء مصنع معالجة النفايات الصناعية', 120007, 'sector_4', 'قطاع المشاريع الصناعية', 'Industrial Projects Sector', '2025-05-01 04:00:00', '2027-04-30 04:00:00', 'مصنع بطاقة 200 طن/يوم', 1, '2026-03-29 23:54:53', '2026-03-29 23:54:53');
INSERT INTO `contracts` (`id`, `contractNumber`, `contractName`, `contractorId`, `sectorKey`, `sectorNameAr`, `sectorNameEn`, `startDate`, `endDate`, `notes`, `isActive`, `createdAt`, `updatedAt`) VALUES (90019, 'IND-2025-004', 'توسعة منشآت الطاقة الشمسية', 120008, 'sector_4', 'قطاع المشاريع الصناعية', 'Industrial Projects Sector', '2025-06-15 04:00:00', '2026-06-30 04:00:00', 'إضافة 50 ميغاواط للشبكة', 1, '2026-03-29 23:54:53', '2026-03-29 23:54:53');
INSERT INTO `contracts` (`id`, `contractNumber`, `contractName`, `contractorId`, `sectorKey`, `sectorNameAr`, `sectorNameEn`, `startDate`, `endDate`, `notes`, `isActive`, `createdAt`, `updatedAt`) VALUES (90020, 'IND-2025-005', 'إنشاء مركز لوجستي متكامل', 120007, 'sector_4', 'قطاع المشاريع الصناعية', 'Industrial Projects Sector', '2025-08-01 04:00:00', '2027-07-31 04:00:00', 'مركز لوجستي بمساحة 25000 م2', 1, '2026-03-29 23:54:53', '2026-03-29 23:54:53');
INSERT INTO `contracts` (`id`, `contractNumber`, `contractName`, `contractorId`, `sectorKey`, `sectorNameAr`, `sectorNameEn`, `startDate`, `endDate`, `notes`, `isActive`, `createdAt`, `updatedAt`) VALUES (90021, 'HSG-2025-001', 'مشروع الإسكان الاجتماعي المرحلة الأولى', 120009, 'sector_5', 'قطاع الإسكان والتطوير', 'Housing & Development Sector', '2025-01-10 05:00:00', '2026-12-31 05:00:00', '500 وحدة سكنية للمواطنين', 1, '2026-03-29 23:54:53', '2026-03-29 23:54:53');
INSERT INTO `contracts` (`id`, `contractNumber`, `contractName`, `contractorId`, `sectorKey`, `sectorNameAr`, `sectorNameEn`, `startDate`, `endDate`, `notes`, `isActive`, `createdAt`, `updatedAt`) VALUES (90022, 'HSG-2025-002', 'تطوير حي الورود السكني', 120010, 'sector_5', 'قطاع الإسكان والتطوير', 'Housing & Development Sector', '2025-02-20 05:00:00', '2027-02-28 05:00:00', 'تطوير شامل للحي بمساحة 2 كم2', 1, '2026-03-29 23:54:53', '2026-03-29 23:54:53');
INSERT INTO `contracts` (`id`, `contractNumber`, `contractName`, `contractorId`, `sectorKey`, `sectorNameAr`, `sectorNameEn`, `startDate`, `endDate`, `notes`, `isActive`, `createdAt`, `updatedAt`) VALUES (90023, 'HSG-2025-003', 'إنشاء أبراج سكنية متعددة الطوابق', 120009, 'sector_5', 'قطاع الإسكان والتطوير', 'Housing & Development Sector', '2025-04-01 04:00:00', '2027-10-31 04:00:00', '3 أبراج بارتفاع 20 طابق', 1, '2026-03-29 23:54:53', '2026-03-29 23:54:53');
INSERT INTO `contracts` (`id`, `contractNumber`, `contractName`, `contractorId`, `sectorKey`, `sectorNameAr`, `sectorNameEn`, `startDate`, `endDate`, `notes`, `isActive`, `createdAt`, `updatedAt`) VALUES (90024, 'HSG-2025-004', 'مشروع فيلات الضاحية الجديدة', 120010, 'sector_5', 'قطاع الإسكان والتطوير', 'Housing & Development Sector', '2025-06-01 04:00:00', '2026-12-31 05:00:00', '120 فيلا سكنية فاخرة', 1, '2026-03-29 23:54:53', '2026-03-29 23:54:53');
INSERT INTO `contracts` (`id`, `contractNumber`, `contractName`, `contractorId`, `sectorKey`, `sectorNameAr`, `sectorNameEn`, `startDate`, `endDate`, `notes`, `isActive`, `createdAt`, `updatedAt`) VALUES (90025, 'HSG-2025-005', 'تطوير المرافق والخدمات في الأحياء الجديدة', 120009, 'sector_5', 'قطاع الإسكان والتطوير', 'Housing & Development Sector', '2025-07-15 04:00:00', '2026-07-31 04:00:00', 'حدائق ومرافق وخدمات متكاملة', 1, '2026-03-29 23:54:53', '2026-03-29 23:54:53');

SET FOREIGN_KEY_CHECKS=1;